nombre,imagen,categoria
Decoración Navideña,Img_Productos/121678878_3886596951370174_6250012110620399626_n.jpg,Decoracion
Piñata de Masha y el Oso,Img_Productos/124635499_3974390159257519_8579346149120368235_n.jpg,Pinatas
Centro de Mesa de Baby Shower,Img_Productos/124851261_3975698312460037_616126254427825064_n.jpg,Centros_de_Mesa
Decoración de Elefante,Img_Productos/124958060_3975698062460062_6064374222879251247_n.jpg,Decoracion
Centros de Mesa de Payasos,Img_Productos/125287967_3970059366357265_4162804703300402875_n.jpg,Centros_de_Mesa
Cajita de Spiderman #2,Img_Productos/125822839_3991056224257579_8115575627415557478_n.jpg,Bolsitas
Sombrero de Cumpleaños,Img_Productos/125878922_3995629207133614_8223927171571644358_n.jpg,Sombreros
Piñata de Elmo #1,Img_Productos/126062712_3995628520467016_4182229008082445137_n.jpg,Pinatas
Photobooth de Elmo,Img_Productos/126299844_3995628700466998_2471043851573712505_n.jpg,Photobooth
Photobooth de Granja #2,Img_Productos/129318312_4033429353353599_7479945225532842294_n.jpg,Photobooth
Piñata de Gallo,Img_Productos/129943206_4033428986686969_3889095847519792850_n.jpg,Pinatas
Photobooth de Vaquero,Img_Productos/31773066_2054130137950207_2544201698298036224_n.jpg,Photobooth
Diadema de Minnie Mouse,Img_Productos/32359651_2068459486517272_2348201552939843584_n.jpg,Sombreros
Decoración de Arcoiris,Img_Productos/33864843_2085655898130964_1920416900383244288_n.jpg,Decoracion
Piñata en Forma de Camiseta del Real Madrid,Img_Productos/34316971_2091428540887033_6499396691311984640_n.jpg,Pinatas
Photobooth de Baby Shower #3,Img_Productos/34339956_2093189094044311_4014315063224565760_n.jpg,Photobooth
Centro de Mesa de Baby Shower #2,Img_Productos/34446818_2093189217377632_3416903795458703360_n.jpg,Centros_de_Mesa
Letras con Nombre Personalizado,Img_Productos/34687477_2099520960077791_3645360407377346560_n.jpg,Decoracion
Diadema de Unicornio #1,Img_Productos/34716253_2099521913411029_713527469549813760_n.jpg,Sombreros
Máscara de Lobo,Img_Productos/34778995_2097599600269927_3833709343375622144_n.jpg,Accesorios
Photobooth de Nemo,Img_Productos/35528727_2113679885328565_3445533416093646848_n.jpg,Photobooth
Piñata de Nemo,Img_Productos/35515066_2113679438661943_6123310753370865664_n.jpg,Pinatas
Piñata de Stitch,Img_Productos/35521276_2113688395327714_8950440729348407296_n.jpg,Pinatas
Bolsita de Unicornio #1,Img_Productos/36121272_2129999060363314_1864342653475225600_n.jpg,Bolsitas
Centros de Mesa de Soy Luna,Img_Productos/36399671_2134821093214444_4780381617870864384_n.jpg,Centros_de_Mesa
Centros de Mesa Coloridos,Img_Productos/36741700_2147069148656305_3899737675208327168_n.jpg,Centros_de_Mesa
Photobooth de Unicornio #1,Img_Productos/36800262_2147068275323059_3395522649395298304_n.jpg,Photobooth
Decoración de Flores #3,Img_Productos/38433260_2198460836850469_7586263634720849920_n.jpg,Decoracion
Centro de Mesa de Abejas,Img_Productos/39298736_2222009401162279_7217689169378672640_n.jpg,Centros_de_Mesa
Photobooth de Primera Comunión #1,Img_Productos/43326544_2289933881036497_5779766674529976320_n.jpg,Photobooth
Lazo Verde,Img_Productos/44244088_2308233435873208_194856490056548352_n.jpg,Accesorios
Lazo con Escoba,Img_Productos/44262550_2308233249206560_1730805918309810176_n.jpg,Accesorios
Lazo de la Mujer Maravilla,Img_Productos/44298334_2308233072539911_8953207628884869120_n.jpg,Accesorios
Lazo del Gato Sonriente,Img_Productos/44298347_2308233312539887_6064335724205834240_n.jpg,Accesorios
Lazo de Campanita,Img_Productos/44304511_2308233152539903_5988426875943256064_n.jpg,Accesorios
Lazo de Igor,Img_Productos/44425130_2308233509206534_453286450373328896_n.jpg,Accesorios
Piñata en Forma de Camiseta del Real Madrid #2,Img_Productos/44452958_2311094112253807_8463397390806679552_n.jpg,Pinatas
Corona Navideña #1,Img_Productos/45661018_2344216402274911_7727756315765768192_n.jpg,Decoracion
Decoración de Árbol Navideño,Img_Productos/46513157_2359817130714838_7461672182561636352_n.jpg,Decoracion
Piñata de Monster Truck,Img_Productos/465260736_9254552327907916_6585432962372623148_n.jpg,Pinatas
Confitero de Minnie Mouse #1,Img_Productos/466524508_9325806964115785_2489259047690523214_n.jpg,Otros
Piñata del Monstruo de la Basura Plaza Sésamo,Img_Productos/514193551_24635978259338740_1556397643096296850_n.jpg,Pinatas
Piñata de LDA #3,Img_Productos/514215346_24635993969337169_1880060270790093712_n.jpg,Pinatas
Piñata de Winnie Pooh,Img_Productos/514317161_24636040372665862_4126498491477771136_n.jpg,Pinatas
Bolsita de la Mujer Maravilla,Img_Productos/514319509_24660859610183938_3926083928850380198_n.jpg,Bolsitas
Bolsita de Blanca Nieves,Img_Productos/514325285_24660594220210477_4190681734647934627_n.jpg,Bolsitas
Bolsita de Spider-Man,Img_Productos/514328253_24660594143543818_6690928926146540549_n.jpg,Bolsitas
Bolsita de Monster Inc,Img_Productos/514328658_24660594140210485_3679565166739851928_n.jpg,Bolsitas
Bolsita de Manzana,Img_Productos/514329126_24660594276877138_3958225854443524176_n.jpg,Bolsitas
Decoración de Cofre,Img_Productos/514329949_24638955425707690_8281599518907156885_n.jpg,Decoracion
Bolsita de Minnie Mouse,Img_Productos/514331805_24660594560210443_8429195829496144418_n.jpg,Bolsitas
Corona Navideña #2,Img_Productos/514354521_24665773823025850_7800058455925702973_n.jpg,Decoracion
Photobooth de Spider-Man,Img_Productos/514364878_24656079667328599_7853516026919165134_n.jpg,Photobooth
Cajitas de Mickey y Minnie Mouse,Img_Productos/514395591_24664130713190161_832822631950084074_n.jpg,Bolsitas
Piñata de Búho,Img_Productos/514397440_24636007532669146_3101713340332100117_n.jpg,Pinatas
Decoración de Minnie Mouse,Img_Productos/514408057_24664130529856846_4676271624147896881_n.jpg,Decoracion
Decoración de Máscaras #1,Img_Productos/514412234_24657887817147784_5636689830941766887_n.jpg,Decoracion
Centro de Mesa de la Princesita Sophia #1,Img_Productos/514412311_24648582868078279_2910564759814456463_n.jpg,Centros_de_Mesa
Photobooth de Monster Truck,Img_Productos/514413134_24646740774929155_3593120130930741380_n.jpg,Photobooth
Decoración Navideña #1,Img_Productos/514413368_24665773586359207_6219065350706521057_n.jpg,Decoracion
Centros de Mesa de Minnie Mouse,Img_Productos/514414045_24664130486523517_3550485093916840017_n.jpg,Centros_de_Mesa
Decoración Navideña #2,Img_Productos/514414212_24665773799692519_6100227794627559227_n.jpg,Decoracion
Decoración Navideña #3,Img_Productos/514415964_24665773379692561_8824141616122605689_n.jpg,Decoracion
Bolsita de Elsa,Img_Productos/514416758_24659792603623972_2466348541027058956_n.jpg,Bolsitas
Decoración de Máscaras #2,Img_Productos/514420932_24657888057147760_5485708555090399090_n.jpg,Decoracion
Piñata de My Little Pony,Img_Productos/514420974_24636007442669155_1386392703827347452_n.jpg,Pinatas
Bolsitas de Gorras,Img_Productos/514461836_24644734325129800_8601154881321397112_n.jpg,Bolsitas
Cajita de la Doctora Juguetes,Img_Productos/514468174_24635978192672080_7754059626144584925_n.jpg,Bolsitas
Confitero de Minnie Mouse #2,Img_Productos/514491429_24637673289169237_687117234488457886_n.jpg,Otros
Optimus Prime Gigante,Img_Productos/514491617_24639073635695869_2439265439013788143_n.jpg,Decoracion
Megatron Gigante,Img_Productos/514491617_24639073799029186_4029104621995710078_n.jpg,Decoracion
Piñata de Elmo #2,Img_Productos/514502714_24635978229338743_4455196333164770448_n.jpg,Pinatas
Cajita de Minnie Mouse #3,Img_Productos/514651412_24660594356877130_8246782984484560881_n.jpg,Bolsitas
Piñata de la Sheriff Callie,Img_Productos/514661270_24636435069293059_5349959210296395052_n.jpg,Pinatas
Photobooth de Frozen #2,Img_Productos/514664915_24659792720290627_5324901201273207043_n.jpg,Photobooth
Decoración de Cuna #1,Img_Productos/514696159_24671324202470812_1325025343470607943_n.jpg,Decoracion
Centro de Mesa de Carnaval #1,Img_Productos/514721869_24654761190793780_7480353197729113096_n.jpg,Centros_de_Mesa
Centro de Mesa de la Princesita Sophia #2,Img_Productos/514724491_24645097435093489_5171329881499117257_n.jpg,Centros_de_Mesa
Cajita de Minnie Mouse #4,Img_Productos/514724793_24664130806523485_6286815894134061294_n.jpg,Bolsitas
Diadema de Sombrero de Plumas,Img_Productos/514757457_24646171551652744_644738958319384675_n.jpg,Sombreros
Piñata del Monstruo Come Galletas #2,Img_Productos/514778544_24635978236005409_1153658986001358334_n (1).jpg,Pinatas
Confitero de la Princesita Sophia,Img_Productos/514903472_24645097428426823_7754824274644468691_n.jpg,Otros
Cajita del Rey Cerdo,Img_Productos/514913133_24660594233543809_399548452221818399_n.jpg,Bolsitas
Cajita de Linterna Verde #1,Img_Productos/514927521_24660594483543784_6244418079943908601_n.jpg,Bolsitas
Cajita de Pokémon #1,Img_Productos/514929555_24660859396850626_8753039866490053013_n.jpg,Bolsitas
Decoración de Payaso,Img_Productos/514953473_24653570447579521_3971871178699870909_n.jpg,Decoracion
Photobooth de Baby Shower #4,Img_Productos/514956193_24671324262470806_2499439954732825237_n.jpg,Photobooth
Cajitas de Cofre del Tesoro,Img_Productos/514966104_24641929842076915_1116661637680753805_n.jpg,Bolsitas
Cajita de Elmo,Img_Productos/514966676_24660594426877123_7585409769608976708_n.jpg,Bolsitas
Cajitas de Carnaval,Img_Productos/514969037_24636139435989289_5768896388237844265_n.jpg,Bolsitas
Piñata de Rubble Paw Patrol #2,Img_Productos/514970955_24680221261581106_3462331404401301346_n.jpg,Pinatas
Piñata de Jorge el Curioso,Img_Productos/515007488_24647456948190871_7356927966532381526_n.jpg,Pinatas
Sombrero Café,Img_Productos/515010811_24675103918759507_5568227911082328037_n.jpg,Sombreros
Cajita de Jake el Pirata,Img_Productos/515010879_24660594610210438_390457238257532898_n.jpg,Bolsitas
Cajita de Mario Bros #2,Img_Productos/515011256_24660594553543777_2685858441922466216_n.jpg,Bolsitas
Cajita de Mariquita,Img_Productos/515014331_24652464457690120_810165263599862604_n.jpg,Bolsitas
Cajita de Fútbol,Img_Productos/515015912_24660594510210448_8946071982934444355_n.jpg,Bolsitas
Piñata de Minnie Mouse #3,Img_Productos/515020194_24636040399332526_5507341438170647231_n.jpg,Pinatas
Bolsita de Vestido,Img_Productos/515020984_24652520024351230_2531221377306589635_n.jpg,Bolsitas
Photobooth de Primera Comunión #2,Img_Productos/515022163_24664601859809713_6924700144658071391_n.jpg,Otros
Espada de Pirata,Img_Productos/515029630_24638955332374366_5629831041849443583_n.jpg,Otros
Cajita de Hongo de Mario Bros,Img_Productos/515041187_24660594493543783_6265769016124286015_n.jpg,Bolsitas
Centro de Mesa de Carnaval #2,Img_Productos/515044778_24654761050793794_1179599814196167358_n.jpg,Centros_de_Mesa
Decoración de la Princesita Sophia,Img_Productos/515049268_24645097085093524_4987910201470739092_n.jpg,Decoracion
Cajita de Regalo en Forma de Corazón,Img_Productos/515053111_24665666483036584_4235169706720601955_n.jpg,Otros
Cajita de Hulk,Img_Productos/515054005_24660591306877435_2198955237541362473_n.jpg,Bolsitas
Cajita de Carta,Img_Productos/515054005_24660594333543799_3970540768689093839_n.jpg,Bolsitas
Cofre de la Princesita Sophia,Img_Productos/515055396_24642328315370401_6303411333175975341_n.jpg,Bolsitas
Cajita de la Chica Fresita,Img_Productos/515057595_24660594596877106_6181369427058812784_n.jpg,Bolsitas
Cajita de The Legend of Zelda,Img_Productos/515060800_24660594573543775_7929746113470605474_n.jpg,Bolsitas
Cajitas de Elsa,Img_Productos/515075860_24659792320290667_364821204805685949_n.jpg,Bolsitas
Cajita de Campanita,Img_Productos/515078575_24660594500210449_2828537998429555643_n.jpg,Bolsitas
Centro de Mesa de Woody,Img_Productos/515081849_24656594330610466_8498957350737016699_n.jpg,Centros_de_Mesa
Centros de Mesa de Unicornio #2,Img_Productos/515097215_24676221318647767_1395678261843328978_n.jpg,Centros_de_Mesa
Cajita del Monstruo Come Galletas,Img_Productos/515236123_24660594526877113_8418913666733064765_n.jpg,Bolsitas
Cajita de Minion #2,Img_Productos/515257735_24645901988346367_2388081839829645771_n.jpg,Bolsitas
Centro de Mesa de Moana #1,Img_Productos/515258937_24668374372765795_3367494595095596153_n.jpg,Centros_de_Mesa
Antifaz de Pájaro #1,Img_Productos/515258937_24675269832076249_3187691315572907678_n.jpg,Accesorios
Sombreros de Novia y Novio,Img_Productos/515262385_24665666553036577_8154632313258053098_n.jpg,Sombreros
Centro de Mesa de Rapunzel #1,Img_Productos/515278790_24666714842931748_5950313499512619162_n.jpg,Centros_de_Mesa
Photobooth de Dragon Ball,Img_Productos/515282954_24657834973819735_6791019997572939060_n.jpg,Photobooth
Photobooth de Frozen #3,Img_Productos/515283984_24653836797552886_1013229744506673471_n.jpg,Photobooth
Antifaz de Oveja,Img_Productos/515294853_24659352680334631_1225856343386323876_n.jpg,Accesorios
Centro de Mesa Fiesta de 50 años,Img_Productos/515297045_24654320987504467_4761920018651050718_n.jpg,Centros_de_Mesa
Diadema de Unicornio #2,Img_Productos/515309143_24675417525394813_1705357198627054269_n.jpg,Sombreros
Cajita de Dragon Ball,Img_Productos/515310422_24660594223543810_1432543482506512923_n.jpg,Bolsitas
Corona Navideña #3,Img_Productos/515317807_24665773513025881_434647709300048787_n.jpg,Decoracion
Cajita de Pokémon #2,Img_Productos/515321755_24660594593543773_7405322910481348921_n.jpg,Bolsitas
Decoración de Monito,Img_Productos/515336109_24670515512551681_334568950343066651_n.jpg,Decoracion
Cajita de Luigi,Img_Productos/515337824_24660594546877111_2383318435560350544_n.jpg,Bolsitas
Centros de Mesa de Dragon Ball,Img_Productos/515345581_24657835087153057_5646902345330626912_n.jpg,Centros_de_Mesa
Piñata de Saprissa #2,Img_Productos/515368997_24635993802670519_7880131764570745167_n.jpg,Pinatas
Corona Navideña #4,Img_Productos/515390484_24665773789692520_2781412093552151132_n.jpg,Decoracion
Cofre Blanco de Regalo,Img_Productos/515396301_24665666696369896_2819152890715207255_n.jpg,Otros
Cajita de Iron Man,Img_Productos/515403509_24660591206877445_5487876078174899869_n.jpg,Bolsitas
Antifaz de Obeja con Lazos,Img_Productos/515405504_24659352713667961_5637749653352837748_n.jpg,Accesorios
Cajita de Minnie y Mickey Mouse,Img_Productos/515407217_24664130706523495_3816471843524744505_n.jpg,Bolsitas
Cajita de Minnie Mouse #5,Img_Productos/515407619_24664130716523494_2927974579718613357_n.jpg,Bolsitas
Cajita de Barbie,Img_Productos/515408014_24660594173543815_1832960173400124467_n.jpg,Bolsitas
Cajita de Minnie Mouse #6,Img_Productos/515424706_24660594570210442_3707709377768975625_n.jpg,Bolsitas
Cajita de Santa Claus #1,Img_Productos/515424706_24662816216654944_2783511425855562029_n.jpg,Bolsitas
Piñata de Castillo de la Princesita Sophia,Img_Productos/515436972_24653337887602777_2659495367284805495_n.jpg,Pinatas
Piñata de Primera Comunión,Img_Productos/515437823_24663091246627441_345738573621240224_n.jpg,Pinatas
Photobooth de Rapunzel,Img_Productos/515438721_24665719719697927_681510047678078460_n.jpg,Photobooth
Centro de Mesa de Baby Shower #3,Img_Productos/515439210_24677813715155194_233982077339569727_n.jpg,Centros_de_Mesa
Organizador de Minnie Mouse,Img_Productos/515440214_24667729369496962_2698684397126282633_n.jpg,Otros
Centro de Mesa de Minnie Mouse #1,Img_Productos/515440848_24664128736523692_1037713781143404545_n.jpg,Centros_de_Mesa
Corona Navideña #5,Img_Productos/515442067_24665773506359215_6780057704384083335_n.jpg,Decoracion
Cajita de Linterna Verde #2,Img_Productos/515442970_24658491107087455_7370705691362838598_n.jpg,Otros
Cajita de Batman #2,Img_Productos/515443044_24658490800420819_1222601228467419403_n.jpg,Bolsitas
Antifaz de Pajaro #2,Img_Productos/515443677_24659352633667969_4173996541192069604_n.jpg,Accesorios
Photobooth de Moana #1,Img_Productos/515444354_24668374279432471_215313548752657507_n.jpg,Photobooth
Photobooth de Minnie Mouse,Img_Productos/515444483_24667103329559566_3657345812623055821_n.jpg,Photobooth
Bolsita de Campanita,Img_Productos/515446111_24668948446041721_634876323340101475_n.jpg,Bolsitas
Bolsitas de Conejos,Img_Productos/515446404_24668058722797360_6322730550614282785_n.jpg,Bolsitas
Photobooth de Toy Story,Img_Productos/515489818_24656594680610431_689983151591019783_n.jpg,Photobooth
Cajita de Regalo de Minnie Mouse,Img_Productos/515494095_24658994850370414_1235108971607221306_n.jpg,Otros
Organizador de Cars,Img_Productos/515494346_24667729376163628_3962798460865314647_n.jpg,Otros
Centro de Mesa de Ranpunzel #2,Img_Productos/515494543_24665719733031259_8336428318872899604_n.jpg,Centros_de_Mesa
Cajita de Flash,Img_Productos/515495095_24658490797087486_8003329446300003804_n.jpg,Bolsitas
Piñata de Skye Paw Patrol,Img_Productos/515497313_24681227868147112_5655084184860052960_n.jpg,Pinatas
Photobooth de los Minions,Img_Productos/515500130_24680010824935483_1535170658580089887_n.jpg,Photobooth
Organizador de Toy Story,Img_Productos/515500331_24667729419496957_3901604144565107512_n.jpg,Otros
Centro de Mesa de Minnie Mouse #2,Img_Productos/515500664_24644014405201792_6061705126624922151_n.jpg,Otros
Cajita de Superchica,Img_Productos/515501236_24658490807087485_8235392332239376300_n.jpg,Bolsitas
Photobooth de Moana #2,Img_Productos/515502307_24669172619352637_146138536932873190_n.jpg,Photobooth
Photobooth de Flores #3,Img_Productos/515503702_24664854353117797_2869817661857978001_n.jpg,Photobooth
Cajitas del Capita America,Img_Productos/515505532_24658994827037083_1970913735934896988_n.jpg,Bolsitas
Organizador de Angry Birds,Img_Productos/515506049_24667729379496961_6836922727904387498_n.jpg,Otros
Cajita de Mariposa #1,Img_Productos/515507697_24658994527037113_5127021516882962666_n.jpg,Bolsitas
Cajitas de la Liga de la Justicia,Img_Productos/515508218_24658490810420818_7784067920751461178_n.jpg,Bolsitas
Photobooth de 50 años,Img_Productos/515508309_24654319750837924_6541627498436108893_n.jpg,Photobooth
Photobooth de Jorge el Curioso,Img_Productos/515510142_24647456918190874_5505047405276090728_n.jpg,Photobooth
Cajita de la Mujer Maravilla,Img_Productos/515513185_24658491043754128_5144739757869494621_n.jpg,Bolsitas
Cajita del Capitan America,Img_Productos/515513246_24658994870370412_5006280312719024829_n.jpg,Bolsitas
Decoración de Jorge el Curioso,Img_Productos/515513487_24647456911524208_626381554689875932_n.jpg,Decoracion
Gorra de Minnie Mouse,Img_Productos/515521578_24661286526807913_1761324524005622765_n.jpg,Sombreros
Piñata de Hada,Img_Productos/515535732_24668948559375043_4162393843272543120_n.jpg,Pinatas
Cajita de la Princesita Sophia,Img_Productos/515545685_24660594283543804_6307938351283066931_n.jpg,Bolsitas
Cajita de los Simpsons,Img_Productos/515546898_24660594326877133_5728734062190300786_n.jpg,Bolsitas
Cajita de Mariposa #2,Img_Productos/515546945_24660594216877144_7323020957067961882_n.jpg,Bolsitas
Cajitas de Bajotera,Img_Productos/515546979_24680010751602157_7705268492226723023_n.jpg,Bolsitas
Cajita de Minecraft #2,Img_Productos/515547001_24660594133543819_3823873140157774639_n.jpg,Otros
Organizador de Minions,Img_Productos/515547918_24667729176163648_7350274917576229933_n.jpg,Otros
Photobooth de Boda,Img_Productos/515548568_24680301394906426_7588834833587175257_n.jpg,Photobooth
Letras Decorativas de Masha,Img_Productos/515552160_24665975803005652_392721149331544008_n.jpg,Decoracion
Cajita de Pikachu,Img_Productos/515553725_24660594566877109_9092100150588172131_n.jpg,Bolsitas
Piñata de Minion #2,Img_Productos/515567485_24680010454935520_5488782139649739802_n.jpg,Otros
Antifaz de Carnaval,Img_Productos/515571515_24659352690334630_1367742843587531949_n.jpg,Accesorios
Diadema de Reno,Img_Productos/515581643_24659792546957311_6244816654553068798_n.jpg,Sombreros
Centro de Mesa de Unicornio #1,Img_Productos/515591001_24676221325314433_7519517471695605584_n.jpg,Centros_de_Mesa
Decoración de Harry Potter,Img_Productos/515611513_24675018128768086_4120226069482550987_n.jpg,Decoracion
Cajita de Minnie Mouse #7,Img_Productos/515670998_24664128579857041_4151664700999557337_n.jpg,Bolsitas
Photobooth de Unicornio #2,Img_Productos/515676481_24675417388728160_8073663223725878909_n.jpg,Photobooth
Piñata de Minnie Mouse #4,Img_Productos/515676481_24675417388728160_8073663223725878909_n.jpg,Pinatas
Cajita de Angry Birds,Img_Productos/515681331_24660594590210440_5771238748272133606_n.jpg,Bolsitas
Confitero de Elsa,Img_Productos/515683265_24659792596957306_124831638676488335_n.jpg,Otros
Centro de Mesa del Real Madrid,Img_Productos/515683684_24664126693190563_5000224587357345467_n.jpg,Centros_de_Mesa
Photobooth de la Princesita Sophia #1,Img_Productos/515684551_24648582991411600_2793700863524910409_n.jpg,Photobooth
Decoración de Máscaras #3,Img_Productos/515702936_24657887953814437_8111629256298084380_n.jpg,Decoracion
Decoracion de Cuna #2,Img_Productos/515705816_24668721829397716_7108006881180899373_n.jpg,Otros
Caballito de Palo,Img_Productos/515711858_24675271855409380_7450131859232371069_n.jpg,Otros
Decoración de Buo,Img_Productos/515713787_24671005985835967_1230116083578817708_n.jpg,Decoracion
Cofre de Mariposas,Img_Productos/515716804_24645097188426847_6548549372109560115_n.jpg,Decoracion
Cajita de Soy Luna,Img_Productos/515719969_24660594350210464_108821032560384391_n.jpg,Bolsitas
Cajitas de Mariposa,Img_Productos/515721272_24645456148390951_6150593885170576232_n.jpg,Bolsitas
Gorra Rosada,Img_Productos/515739394_24661286600141239_1687898647638681261_n.jpg,Sombreros
Cajita de Mickey Mouse #2,Img_Productos/515752629_24660594586877107_8330747855284788384_n.jpg,Bolsitas
Cajita de Cars,Img_Productos/515762151_24660594530210446_722064898012004895_n.jpg,Bolsitas
Farol de Camion Rojo,Img_Productos/515769110_24676523945284171_2636852802626266631_n.jpg,Faroles
Corona Navideña #6,Img_Productos/515809324_24665773366359229_4154472354472189221_n.jpg,Decoracion
Máscara de Raton,Img_Productos/515830244_24675269765409589_5381808419829664920_n.jpg,Accesorios
Antifaces de Monos,Img_Productos/515860043_24644576171812282_253169909573599744_n.jpg,Accesorios
Farol de Casita,Img_Productos/515865089_24675886695347896_2984817946868768371_n.jpg,Faroles
Photobooth de Masha y el Oso,Img_Productos/515869304_24663855863217646_1971447022616809073_n.jpg,Photobooth
Farol de Casa Típica #2,Img_Productos/515900107_24675886718681227_2080967315209680295_n.jpg,Faroles
Cajita de Santa Claus #2,Img_Productos/515904287_24662816206654945_4888885063764364291_n.jpg,Bolsitas
Decoración Navideña #4,Img_Productos/515925883_24665773573025875_3654767495303151024_n.jpg,Decoracion
Photobooth de Carnaval,Img_Productos/515927254_24655915987344967_5444171228155458954_n.jpg,Photobooth
Sombrero de Harry Potter,Img_Productos/515937592_24675015918768307_5352864969385210822_n.jpg,Sombreros
Photobooth de los Avengers #2,Img_Productos/515939008_24681606071442625_404314672360939211_n.jpg,Photobooth
Centro de Mesa de Unicornio #2,Img_Productos/515941382_24676221355314430_8076327208280066872_n.jpg,Centros_de_Mesa
Photobooth de los Avengers #3,Img_Productos/515944367_24658490987087467_619903897475186587_n.jpg,Photobooth
Farol de Simbolos Nacionales,Img_Productos/515954506_24661325910137308_1852227866362282053_n.jpg,Faroles
Centro de Mesa de la Princesita Sophia #3,Img_Productos/515971084_24685138027756096_4269761503601477804_n.jpg,Otros
Cajita de Mariposa #3,Img_Productos/515973323_24660594136877152_7717915403515863666_n.jpg,Bolsitas
Centro de Mesa de Minnie Mouse #3,Img_Productos/515974636_24667102979559601_1508761963648268470_n.jpg,Centros_de_Mesa
Photobooth de 15 años #1,Img_Productos/515985657_24681717948098104_7342232616932018333_n.jpg,Photobooth
Decoración de Máscaras #4,Img_Productos/515989682_24657888073814425_5962102740606772703_n.jpg,Decoracion
Decoración de Baby Shower #2,Img_Productos/515998372_24677579415178624_2013512789478365378_n.jpg,Decoracion
Centro de Mesa de Unicornio #3,Img_Productos/515998952_24676221341981098_6802160066374376650_n.jpg,Centros_de_Mesa
Piñata de Unicornio #3,Img_Productos/516051702_24682129451390287_1548418323591452184_n.jpg,Pinatas
Cajita de Minnie Mouse #8,Img_Productos/516056973_24660594243543808_552182605920652806_n.jpg,Bolsitas
Cajita de Masha y el Oso,Img_Productos/516057124_24665474699722429_460905726419027840_n.jpg,Bolsitas
Cajita de Monster High,Img_Productos/516059121_24660594520210447_9004547576298839946_n (1).jpg,Bolsitas
Piñata de Heroes en Pijama,Img_Productos/516070007_24672117369058162_7427070935546078774_n.jpg,Pinatas
Bolsita con Flor Amarilla,Img_Productos/516096378_24684400011163231_6319517713160981471_n.jpg,Bolsitas
Photobooth de la Princesita Sophia #2,Img_Productos/516142489_24658489630420936_312397699885511238_n.jpg,Photobooth
Decoración Navideña #5,Img_Productos/516151614_24665773639692535_1183138181856959893_n.jpg,Decoracion
Bolsita de Unicornio #2,Img_Productos/516172205_24676221578647741_6495377298259200387_n.jpg,Bolsitas
Photobooth de 15 años #2,Img_Productos/516189884_24661719426764623_143503628755112676_n.jpg,Photobooth
Diadema de Unicornio #3,Img_Productos/516194994_24676221555314410_7637372101524572624_n.jpg,Sombreros
Cajita de SuperMan,Img_Productos/516237461_24660594280210471_4408809910974603940_n.jpg,Bolsitas
Photobooth de Sonic,Img_Productos/516250173_24685472044389361_5560293010741585259_n.jpg,Photobooth
Centro de Mesa de Elsa,Img_Productos/516253402_24680428631560369_4377465282813426318_n.jpg,Centros_de_Mesa
Accesorios de Mariposa,Img_Productos/516315856_24659068813696351_8610241817523097248_n.jpg,Accesorios
Cajita de Batman #3,Img_Productos/516381205_24660594163543816_8698992552474395005_n.jpg,Bolsitas
Cajita de Spiderman,Img_Productos/516382451_24660594270210472_3602149491396857112_n.jpg,Bolsitas
Cajita de Reno #1,Img_Productos/516388654_24662816479988251_7405411361510796359_n.jpg,Bolsitas
Piñata de los Avengers,Img_Productos/516388827_24658491037087462_4487730231352853856_n.jpg,Pinatas
Centro de Mesa de Moana #2,Img_Productos/516392696_24678784741724758_549359834998215497_n.jpg,Centros_de_Mesa
Centro de Mesa de Unicornio #4,Img_Productos/516396142_24675417435394822_6532276554758680160_n.jpg,Centros_de_Mesa
Diadema de Abeja,Img_Productos/516400064_24661317313471501_3024901054162513885_n.jpg,Sombreros
Farol de Camion Blanco,Img_Productos/516404673_24676524245284141_5282093592296593935_n.jpg,Faroles
Escudo de The legend of Zelda,Img_Productos/516442200_24660862726850293_1161048045024067887_n.jpg,Otros
Cajita del Increible Mundo de Gumball,Img_Productos/516448794_24660594600210439_5055341235178245812_n.jpg,Bolsitas
Cajita de Star Wars,Img_Productos/516466558_24660594293543803_4254152228261160790_n.jpg,Bolsitas
Cajitas de la Princesita Sophia,Img_Productos/516475677_24658490803754152_3398548976492007615_n.jpg,Bolsitas
Photobooth de Moana #3,Img_Productos/516476898_24678784751724757_3077839367805149712_n.jpg,Photobooth
Centro de Mesa de Cumpleaños #63,Img_Productos/516490746_24657290667207499_3164901638108184049_n.jpg,Centros_de_Mesa
Cajita del Real Madrid,Img_Productos/516503855_24664127029857196_1810197047912042084_n.jpg,Bolsitas
Cajita de Reno #2,Img_Productos/516514259_24662816219988277_2840578713835495453_n.jpg,Bolsitas
Diadema de Unicornio #4,Img_Productos/516581607_24685467274389838_5416742812427795711_n.jpg,Sombreros
Decoración de Baby Shower #3,Img_Productos/516586486_24668721822731050_250431729924498091_n.jpg,Decoracion
Centro de Mesa de Minnie Mouse #4,Img_Productos/516590247_24669172729352626_2040820304865870449_n.jpg,Centros_de_Mesa
Piñata de la Torre Eiffel,Img_Productos/516607089_24681717931431439_5552987884831181960_n.jpg,Pinatas
Caja de Regalo Azul,Img_Productos/516634623_24680670354869530_3063696338689966380_n.jpg,Otros
Centro de Mesa de la Torre Eiffel,Img_Productos/516691803_24668027449467154_5550291008932224383_n.jpg,Centros_de_Mesa
Centros de Mesa de Flores,Img_Productos/516702184_24675974135339152_4291514154045968058_n.jpg,Centros_de_Mesa
Organizador de Frozen,Img_Productos/516734464_24667729279496971_7144470019135882913_n.jpg,Otros
Photobooth de Primera Comunion #3,Img_Productos/516772307_24664601956476370_2615620991828592721_n.jpg,Photobooth
Máscara de Pajaro,Img_Productos/516830100_24675269782076254_2160598260504079614_n.jpg,Sombreros
Photobooth de Paw Patrol #2,Img_Productos/516838682_24671160289153870_7082203702274087516_n.jpg,Photobooth
Piñata de Vaquero,Img_Productos/516846757_24686184174318148_3992575593244281911_n.jpg,Pinatas
Farol de Casa Típica #3,Img_Productos/516939534_24676483885288177_3989980997852627313_n.jpg,Faroles
Invitacion a Baby Shower,Img_Productos/516944944_24668722019397697_2050560681386867332_n.jpg,Otros
Caja de Regalo para el Dia del Padre,Img_Productos/517001343_24675103658759533_3762350858602556684_n.jpg,Otros
Organizador de Numeros,Img_Productos/517154695_24676440425292523_2538746265033943014_n.jpg,Otros
Photobooth de Flores #2,Img_Productos/104033461_3511719755524564_532242555605047927_n.jpg,Photobooth
Letra K Floral,Img_Productos/104181897_3511720045524535_2746700122867749091_n.jpg,Decoracion
Caja de Regalo #3,Img_Productos/107854058_3594920753871130_6881739632263747281_n.jpg,Otros
Photobooth de Sirena,Img_Productos/108924021_3601752593187946_6981999625529964450_n.jpg,Photobooth
Piñata de Dinosaurio #3,Img_Productos/117885749_3705412486155289_4605069788526172761_n.jpg,Pinatas
Piñata de Minion #1,Img_Productos/117889187_3705412936155244_2463962391204783903_n.jpg,Pinatas
Piñata de Scooby Doo,Img_Productos/117971397_3705412556155282_6177790856428804226_n.jpg,Pinatas
Piñata de Carrito de Minnie Mouse,Img_Productos/117985426_3705413066155231_726106185597471286_n.jpg,Pinatas
Piñata de Bob Esponja,Img_Productos/118063789_3705412896155248_8270551403367440239_n.jpg,Pinatas
Piñata de Moana #3,Img_Productos/118081909_3705412732821931_4657273580632609545_n.jpg,Pinatas
Piñata de Carrito de los Hermanos Bros,Img_Productos/118147408_3705412782821926_4276221978575938970_n.jpg,Pinatas
Piñata de Pollito,Img_Productos/118159660_3705412406155297_2887795743409416631_n.jpg,Pinatas
Piñata #2 de Toy Story,Img_Productos/118481646_3731116450251559_2877105170429023335_n.jpg,Pinatas
Cajitas de Unicornio,Img_Productos/118785600_3766509843378886_8684382052248300468_n.jpg,Bolsitas
Cajita de Batman #1,Img_Productos/118890508_3766510286712175_8348183281190554771_n.jpg,Bolsitas
Cajita de Minecraft #1,Img_Productos/118891720_3766508830045654_3198255605866559635_n.jpg,Bolsitas
Cajitas de Tik Tok,Img_Productos/118910047_3766511150045422_7663681648943881596_n.jpg,Bolsitas
Cajita con Flor,Img_Productos/118913149_3766509510045586_5840146934303889738_n.jpg,Bolsitas
Cajita de Minion #1,Img_Productos/118930310_3766508466712357_6802421553735200614_n.jpg,Bolsitas
Cajita de Minnie Mouse #1,Img_Productos/118931352_3766513043378566_9034336577333638861_n.jpg,Bolsitas
Cajita de Mario Bros,Img_Productos/118932836_3766510546712149_5192083165992729692_n.jpg,Bolsitas
Centro de Mesa de Castillo Rosa,Img_Productos/118937498_3766514033378467_4966821631771115981_n.jpg,Centros_de_Mesa
Cajita de Marshmello,Img_Productos/118952818_3766513786711825_646179570133480036_n.jpg,Bolsitas
Cajita de Minnie Mouse #2,Img_Productos/118997945_3766510060045531_3884692869759170917_n.jpg,Bolsitas
Cajitas de Mario y Luigi,Img_Productos/119001737_3766508643379006_8044221349023524088_n.jpg,Bolsitas
Cajitas de Niños y Niñas,Img_Productos/119005115_3774996732530197_478135839235614794_n.jpg,Bolsitas
Cajita de Spiderman,Img_Productos/119006939_3766513513378519_8833743582755242405_n.jpg,Bolsitas
Cajitas Personalizadas,Img_Productos/119058385_3774996302530240_4403783286629893313_n.jpg,Bolsitas
Piñata de Vanellope Ralph,Img_Productos/119076180_3770205396342664_1793864484425367466_n.jpg,Pinatas
Piñata del Dia de Muertos,Img_Productos/120595757_3847599608603242_4124762009026527234_n.jpg,Pinatas
Bolsitas del Día de Muertos,Img_Productos/120624373_3847600578603145_3351525264510987546_n.jpg,Bolsitas
Decoración de Duende Navideño,Img_Productos/120899720_3857525070944029_5741761301320911771_n.jpg,Decoracion
Decoración de Faro Navideño,Img_Productos/121058898_3863858946977308_2290255904726397717_n.jpg,Decoracion
Piñata A con Flores,Img_Productos/121320076_3873606129335923_7584594245146570653_n.jpg,Pinatas
Piñata de Masha y el Oso,Img_Productos/124635499_3974390159257519_8579346149120368235_n (1).jpg,Pinatas
Bolsitas de Payasos,Img_Productos/124810049_3970059113023957_2922596475352665524_n.jpg,Bolsitas
Decoración de Elefante,Img_Productos/124958060_3975698062460062_6064374222879251247_n (1).jpg,Decoracion
Centros de Mesa de Payaso,Img_Productos/125287967_3970059366357265_4162804703300402875_n (1).jpg,Centros_de_Mesa
Cajitas de Graduacion,Img_Productos/130291378_4035631609800040_821576668128221751_n.jpg,Bolsitas
Decoración de Casita de Jengibre,Img_Productos/130780592_4057055677657633_7167747732476705817_n.jpg,Decoracion
Centro de Mesa de Baby Shower #3,Img_Productos/130817605_4057057240990810_4025352553945046304_n (1).jpg,Centros_de_Mesa
Vincha de Copos de Nieve,Img_Productos/131143660_4059032154126652_1065465916180174740_n.jpg,Accesorios
Decoración de Baby Shower,Img_Productos/131466967_4057057507657450_1873013901288502560_n.jpg,Decoracion
Photobooth de Graduacion,Img_Productos/49151076_2422283527801531_8446381701042536448_n.jpg,Photobooth
Photobooth de Baby Shower #2,Img_Productos/49372205_2427796093916941_4374997534750277632_n.jpg,Photobooth
Centro de Mesa de Elefante,Img_Productos/49484231_2427795693916981_6608405022868766720_n.jpg,Centros_de_Mesa
Decoración de Santa Claus,Img_Productos/49603573_2422282957801588_8047266423338172416_n.jpg,Decoracion
Piñata de Vaca #3,Img_Productos/50917505_2455910681105482_3036762351828205568_n.jpg,Pinatas
Photobooth de Paw Patrol #1,Img_Productos/54377080_2538832596146623_8464054185795518464_n.jpg,Photobooth
Bolsitas de Jorge el Curioso,Img_Productos/56191378_2561890577174158_2292557399761879040_n.jpg,Bolsitas
Sombrero de Granja,Img_Productos/57404837_2593457384017477_332726542280949760_n.jpg,Sombreros
Sombrero de Tronco,Img_Productos/59784152_2622339151129300_212854151078477824_n.jpg,Sombreros
Photobooth de Cars,Img_Productos/60688729_2642315432465005_625454947487449088_n.jpg,Photobooth
Piñata de Spider Man,Img_Productos/64315867_2695718343791380_5217555665936973824_n.jpg,Pinatas
Máscara de Mazinger Z,Img_Productos/64533638_2695720053791209_8111799011335208960_n.jpg,Accesorios
Bolsitas de Conchas de Mar,Img_Productos/66043467_2731355946894286_2012972419114860544_n.jpg,Bolsitas
Photobooth de Mar,Img_Productos/66125042_2731355423561005_8715096007794229248_n.jpg,Photobooth
Bolsitas de Sirenas,Img_Productos/66385281_2731355126894368_8128351527531184128_n.jpg,Bolsitas
Cajita de Mickey Mouse #1,Img_Productos/67842947_2788014297895117_8056971726577205248_n.jpg,Bolsitas
Cuadro de Harry Potter,Img_Productos/68467967_2799085400121340_8431205777699504128_n.jpg,Decoracion
Cuadro de Escandalosos,Img_Productos/69279691_2799085240121356_6087038105288704_n.jpg,Decoracion
Bolsita de Elmo,Img_Productos/69483088_2846044155425464_7605203444063797248_n.jpg,Bolsitas
Sombrero del Rey Julien,Img_Productos/69855678_2851507054879174_163817517322600448_n.jpg,Sombreros
Máscara de Marshmello,Img_Productos/70042093_2851939711502575_2489018433765638144_n.jpg,Accesorios
Photobooth de los Avengers #1,Img_Productos/71013852_2890926027603943_6455663453108436992_n.jpg,Photobooth
Decoración de Star Wars,Img_Productos/71593600_2907758332587379_3822508442329808896_n.jpg,Decoracion
Photobooth de las Muñecas LOL,Img_Productos/72402658_2924441710919041_3414472809609428992_n.jpg,Photobooth
Photobooth de Flores #3,Img_Productos/72761863_2914400188589860_1912060040781496320_n.jpg,Photobooth
Piñata de Sirena #1,Img_Productos/74880681_2996494800380398_6880035011119022080_n.jpg,Pinatas
Decoración Navideña,Img_Productos/78831685_3051607951535749_3295659248104505344_n.jpg,Decoracion
Piñata de Sirena #2,Img_Productos/81800782_3131827110180499_5624353205614804992_n.jpg,Pinatas
Decoración de Perritas de Paw Patrol,Img_Productos/84646648_3200655109964365_4593378982321192960_n.jpg,Decoracion
Caja de Regalo #4,Img_Productos/86290015_3215023315194211_5245900659089211392_n.jpg,Bolsitas
Piñata de Mariposa #2,Img_Productos/WhatsApp Image 2025-07-27 at 18.26.29_7709e6f5.jpg,Pinatas
Farol de Mariposa,Img_Productos/WhatsApp Image 2025-07-27 at 18.26.29_a68b5c9d.jpg,Faroles
Prensa Típica #7,Img_Productos/WhatsApp Image 2025-07-27 at 18.26.30_d3541e73.jpg,Accesorios
Prensa Típica #8,Img_Productos/WhatsApp Image 2025-07-27 at 18.26.36_8dae30af.jpg,Accesorios
Prensa con Guaría Morada,Img_Productos/WhatsApp Image 2025-07-27 at 18.26.36_b0948921.jpg,Accesorios
Cartel sobre Cuidar al Mundo,Img_Productos/WhatsApp Image 2025-07-27 at 18.26.37_2f83bf2f.jpg,Decoracion
Decoración Científica,Img_Productos/WhatsApp Image 2025-07-27 at 18.26.37_50f975c6.jpg,Decoracion
Cartel sobre la Guaría Morada,Img_Productos/WhatsApp Image 2025-07-27 at 18.26.37_6ee20eec.jpg,Decoracion
Cartel del Día del Árbol,Img_Productos/WhatsApp Image 2025-07-27 at 18.26.38_27539ae6.jpg,Decoracion
Maqueta de Ciudad,Img_Productos/WhatsApp Image 2025-07-27 at 18.26.38_5e223870.jpg,Otros
Decoración de Árbol,Img_Productos/WhatsApp Image 2025-07-27 at 18.26.39_8943999c.jpg,Decoracion
Prensas Personalizadas,Img_Productos/WhatsApp Image 2025-07-27 at 18.26.39_bde540ec.jpg,Accesorios
Sombrero Loco #2,Img_Productos/WhatsApp Image 2025-07-27 at 18.26.39_ee3ce1e9.jpg,Sombreros
Torre Eiffel de Palitos,Img_Productos/WhatsApp Image 2025-07-27 at 18.26.40_c7084622.jpg,Decoracion
Piñata del Monstruo Come Galletas #1,Img_Productos/119836909_3802391046457432_4236596524111214807_n.jpg,Pinatas
Caja de Regalo de Unicornio #1,Img_Productos/133132634_4096299903733210_4413676400547771088_n.jpg,Otros
Piñata de Tortuga,Img_Productos/138463588_4138704172826116_37960938687148280_n.jpg,Pinatas
Decoración de Invitaciones,Img_Productos/139300940_4150089201687613_464039954251512207_n.jpg,Decoracion
Decoración de Rubble Paw Patrol,Img_Productos/139508014_4152916944738172_2829009277151748892_n.jpg,Decoracion
Decoración de Flores,Img_Productos/139829283_4150089041687629_8822557810311844207_n.jpg,Decoracion
Decoración de Zuma Paw Patrol,Img_Productos/139882763_4152917038071496_2382617523944102263_n.jpg,Decoracion
Decoración de Marshall Paw Patrol,Img_Productos/140065893_4152917134738153_7535506280980783233_n.jpg,Decoracion
Decoración de Rocky Paw Patrol,Img_Productos/140083576_4152917351404798_2317302969324236433_n.jpg,Decoracion
Decoración de Skye Paw Patrol,Img_Productos/140135394_4152917224738144_7337385253171554158_n.jpg,Decoracion
Centros de Mesa de Flamengos,Img_Productos/141187372_4167039936659206_7781252083933109229_n.jpg,Centros_de_Mesa
Centro de Mesa de Globos,Img_Productos/141251097_4157807387582461_4722943956072443952_n.jpg,Centros_de_Mesa
Piñata de Nyan Cat,Img_Productos/143306994_4187397037956829_1533730304011058044_n.jpg,Pinatas
Centro de Mesa de Mickey Mouse,Img_Productos/143595684_4188036231226243_280589592280883475_n.jpg,Centros_de_Mesa
Decoración de Coche de Bebe,Img_Productos/143910089_4187964557900077_4252485581595429993_n.jpg,Decoracion
Decoraciones de Grande,Img_Productos/150708952_4237968329566366_7404809677343148962_n.jpg,Decoracion
Accesorios de Toy Story,Img_Productos/150863048_4239496819413517_7775556740911158747_n.jpg,Accesorios
Portadas de Cuadernos #2,Img_Productos/150895126_4239495192747013_7362998972506120767_n.jpg,Otros
Piñata #3 de Toy Story,Img_Productos/151705332_4239496479413551_7685770476082235351_n.jpg,Pinatas
Photobooth de Circular de Unicornio,Img_Productos/158085225_4289106581119207_996397988874249090_n.jpg,Photobooth
Piñata de Minnie Mouse #2,Img_Productos/161941671_4319472271415971_3190288811893973063_n.jpg,Pinatas
Sombrero de Marshall,Img_Productos/166432344_4359486140747917_3796455356493676509_n.jpg,Sombreros
Piñata de Among Us,Img_Productos/167436748_4365169000179631_2534618420090071923_n.jpg,Pinatas
Piñata de Pua,Img_Productos/171954283_4393197874043410_4229964820635181000_n.jpg,Pinatas
Piñata de la Sirenita #1,Img_Productos/172307206_4393198744043323_8276283307342688602_n.jpg,Pinatas
Bolsitas de Moana,Img_Productos/172521332_4393198247376706_5603804072324034311_n.jpg,Bolsitas
Prensa de Girasoles,Img_Productos/172845364_4393388687357662_2439796284595002427_n.jpg,Accesorios
Piñata de Cactus,Img_Productos/173886724_4402391976457333_250823006623519841_n.jpg,Pinatas
Piñata de LDA #1,Img_Productos/178771670_4442194535810410_495445997687753633_n.jpg,Pinatas
Piñata #1 de Animales,Img_Productos/179521738_4454250124604851_6594028728792536654_n.jpg,Pinatas
Piñata de George,Img_Productos/180174951_4454259674603896_6874011386236048588_n.jpg,Pinatas
Decoración de Bella,Img_Productos/188888517_4516840758345787_4345387544459408961_n.jpg,Decoracion
Bolsitas para el Día del Padre,Img_Productos/195215959_4574657992564063_1316462931245783884_n.jpg,Bolsitas
Caja de Regalo de Unicornio #2,Img_Productos/195654851_4562749033754959_3642189935767951785_n.jpg,Otros
Prensa de Flores Blancas,Img_Productos/195874636_4563665643663298_1475087226418194793_n.jpg,Accesorios
Caja de Regalo Colorida,Img_Productos/197760950_4574653695897826_2898585080637439111_n.jpg,Otros
Caja de Regalo de Flores,Img_Productos/202617108_4625424377487424_5759002508874215759_n.jpg,Otros
Piñata de Gato,Img_Productos/209749781_4639598622736666_7196730644702270644_n.jpg,Pinatas
Decoración de Bob Esponja,Img_Productos/210591107_4645935938769601_8649738431581011921_n.jpg,Decoracion
Tronquitos para Guardar Objetos,Img_Productos/212422596_4642771595752702_9053286118282064863_n.jpg,Otros
Photobooth de Quinceallero,Img_Productos/244912974_4940804555949403_9187035658608129536_n.jpg,Photobooth
Piñata de Star Wars,Img_Productos/470809947_9560317473998065_3309485902999778213_n.jpg,Pinatas
Piñata de Barbie,Img_Productos/471207231_9560317443998068_6231574349391317408_n.jpg,Pinatas
Piñata de Tik Tok,Img_Productos/471312064_9560317483998064_4558242924286351457_n.jpg,Pinatas
Piñata de Panda,Img_Productos/472222562_9650359171660561_5958638758761849417_n.jpg,Pinatas
Photobooth de Baby Shower,Img_Productos/472250866_9650359461660532_2784262086175881736_n.jpg,Photobooth
Decoración de Flores #2,Img_Productos/472839906_1627082361461503_3872347722396487621_n.jpg,Decoracion
Photobooth de Tractor,Img_Productos/473103116_1629309077905498_8059390955026509402_n.jpg,Photobooth
Centro de Capitan America,Img_Productos/473116347_1628578991311840_8519377875676107793_n.jpg,Centros_de_Mesa
Centros de Mesa de Unicornio #1,Img_Productos/473236709_1630404067795999_695321088842380227_n.jpg,Centros_de_Mesa
Gorra de Nemo,Img_Productos/473753698_1633779237458482_1456667558169782957_n.jpg,Sombreros
Gorra de Tiburon,Img_Productos/473813183_1633779570791782_5237972469245422207_n.jpg,Sombreros
Diadema de Sebra,Img_Productos/474059684_1633779394125133_1873891944578359873_n.jpg,Sombreros
Piñata de los Pitufos,Img_Productos/474384137_1636362227200183_1723343136094397700_n.jpg,Pinatas
Piñata de Sonic,Img_Productos/474396341_1636362107200195_6219574815760044044_n.jpg,Pinatas
Sombrero de Spiderman,Img_Productos/474450673_1636676887168717_1393528788682635144_n.jpg,Sombreros
Farol de Unicornio,Img_Productos/474559063_1636708933832179_6949364104341335679_n.jpg,Faroles
Sombrero del Sombrerero Loco,Img_Productos/474737652_1636676910502048_4008782137801215056_n.jpg,Sombreros
Piñata de la Doctora Juguetes,Img_Productos/474758558_9745101652186312_7114455061738652804_n.jpg,Pinatas
Piñata de Coraline,Img_Productos/474949345_1641361410033598_8463983619332823119_n.jpg,Pinatas
Diadema con Picos Dorados,Img_Productos/474949615_1641371616699244_74651640266608188_n.jpg,Sombreros
Photobooth de Cerdito,Img_Productos/475140644_9757806490915828_2762148992967478575_n.jpg,Photobooth
Centro de Mesa de Muñeco de Mesa,Img_Productos/475207507_1642047673298305_7968600072434926621_n.jpg,Centros_de_Mesa
Piñata de Reno,Img_Productos/475259786_1642306616605744_1429835669597633176_n.jpg,Pinatas
Piñata de Signo de Pregunta,Img_Productos/475303395_1642473503255722_2402645479534555930_n.jpg,Pinatas
Decoración de Baby Shower #1,Img_Productos/475309563_1642473473255725_473868132527612316_n.jpg,Decoracion
Piñata de Peppa,Img_Productos/475428175_1641750319994707_8953511110996160095_n.jpg,Pinatas
Centro de Mesa de Cascanuez,Img_Productos/475449876_1642306536605752_2520825092872308943_n.jpg,Centros_de_Mesa
Decoración de Dulce Navideño,Img_Productos/475501450_1642306693272403_6494993480165117179_n.jpg,Decoracion
Diademas Navideñas #1,Img_Productos/475765177_1645492379620501_2829411139183194138_n.jpg,Sombreros
Diademas Navideñas #2,Img_Productos/475766391_1645492309620508_392384784961811552_n.jpg,Sombreros
Sombrero con Plumas,Img_Productos/475792686_9787351157961361_2812123861808613194_n.jpg,Sombreros
Sombrero Rosa Rayado,Img_Productos/475816607_9787351147961362_732620902841600348_n.jpg,Sombreros
Sombrero de Batman,Img_Productos/476089408_9787351254628018_2697954334274719191_n.jpg,Sombreros
Máscara de Animales,Img_Productos/476164145_1645498662953206_1454143574362637003_n.jpg,Accesorios
Piñata de Boo,Img_Productos/479183193_9863367317026411_631798263841247864_n.jpg,Pinatas
Photobooth del Día del Niño,Img_Productos/480135146_9863367300359746_8802747869134416100_n.jpg,Photobooth
Photobooth Rosado,Img_Productos/480391922_9911595662203576_6927045731056695618_n.jpg,Photobooth
Piñata de Girasol,Img_Productos/480442701_9904963702866772_8742807392539623011_n.jpg,Pinatas
Piñata de la Sirenita #2,Img_Productos/480576333_9904963722866770_6542982630611513654_n.jpg,Pinatas
Photobooth de Frozen #1,Img_Productos/480689614_9911639052199237_6248747703250748599_n.jpg,Photobooth
Photobooth de Chase Paw Patrol,Img_Productos/480862452_9949393101757165_6186915657401199571_n.jpg,Photobooth
Piñata de Pop It,Img_Productos/481225320_9969455519750923_5614441386864840682_n.jpg,Pinatas
Letras de Hojas,Img_Productos/481960034_10014870411876100_8357814350879838985_n.jpg,Decoracion
Piñata de Baby Yoda,Img_Productos/482024071_10014870755209399_8677075267401311379_n.jpg,Pinatas
Piñata de Dinosaurio #1,Img_Productos/482029922_10019735674722907_5319345949137252670_n.jpg,Pinatas
Photobooth de Baby Yoda,Img_Productos/482089990_10014870671876074_181548930025552438_n.jpg,Photobooth
Piñata de Dinosaurio #2,Img_Productos/482207263_10014870385209436_965976617639899189_n.jpg,Pinatas
Piñata de la Cenicienta,Img_Productos/484318797_10043652642331210_6923402564654825729_n.jpg,Pinatas
Photobooth de Flores,Img_Productos/484072262_10068105343219273_8410924833827914542_n.jpg,Photobooth
Piñata de LDA #2,Img_Productos/484231413_10056383564391451_3667794248989139472_n.jpg,Pinatas
Piñata de Tommy Pickle,Img_Productos/484489358_10051242334905574_1137060641345873322_n.jpg,Pinatas
Piñata de Marie de los Aristogatos,Img_Productos/484564522_10051250354904772_3957191495620366011_n.jpg,Pinatas
Piñata de Piña,Img_Productos/484733027_10068105379885936_2319478372296911265_n.jpg,Pinatas
Photobooth de Monster Inc,Img_Productos/485611802_10082781255085015_5437697963295438991_n.jpg,Photobooth
Piñata de Cerdito,Img_Productos/485701919_10088617047834769_2726891632391353689_n.jpg,Pinatas
Caja de Regalo San Valentin,Img_Productos/485799578_10088618064501334_5184911295869903056_n.jpg,Otros
Decoración de Animales,Img_Productos/485805626_23871085299161377_7653504164317820462_n.jpg,Decoracion
Piñata de Encanto,Img_Productos/486555409_23884600827809824_6728182967001335910_n.jpg,Pinatas
Piñata de Perro,Img_Productos/486606748_23866927982910442_427393283862508566_n.jpg,Pinatas
Centro de Mesa de Encanto,Img_Productos/486811598_23884600971143143_1783544275243868593_n.jpg,Centros_de_Mesa
Piñata de Chica Fresita,Img_Productos/486932593_23895869603349613_1954298250818627159_n.jpg,Pinatas
Piñata de Rubble Paw Patrol,Img_Productos/487149987_23901727316097175_1882475615428867667_n.jpg,Pinatas
Bolsitas de Fresa,Img_Productos/487349659_23895869960016244_2623208478867031369_n.jpg,Bolsitas
Photobooth de Granja,Img_Productos/487437639_23901727306097176_4107852081953569454_n.jpg,Photobooth
Bolsitas Unicornios,Img_Productos/475766670_1645498522953220_1007836620645071930_n.jpg,Bolsitas
Bolsitas Minnie Mouse,Img_Productos/475984368_1648160436020362_2899825624331482109_n.jpg,Bolsitas
Bolsitas Mickey Mouse,Img_Productos/476080042_1648160456020360_6305470759301555246_n.jpg,Bolsitas
Photobooth de Grupo Musical,Img_Productos/476108322_1648174212685651_8684406049784695934_n.jpg,Photobooth
Decoración Minnie Mouse,Img_Productos/476156804_1648160642687008_8682995784201406941_n.jpg,Decoracion
Piñata Minnie Mouse,Img_Productos/476158239_1648160262687046_1599236965649911242_n.jpg,Pinatas
Piñata Grupo Musical,Img_Productos/476238223_1648174629352276_568885301861443021_n.jpg,Pinatas
Piñata Minnie Mouse ,Img_Productos/476847716_1652030778966661_7586151630588754080_n.jpg,Pinatas
Bolsitas de Tractor,Img_Productos/480161891_1657222778447461_4515941639941989429_n.jpg,Bolsitas
Portadas de Cuadernos,Img_Productos/480170096_1655009535335452_9109844976328600164_n.jpg,Otros
Portadas de Cuadernos,Img_Productos/480186806_1655009465335459_1819648302716954021_n.jpg,Otros
Portadas de Cuadernos,Img_Productos/480221236_1655009938668745_7947585901647217592_n.jpg,Otros
Piñata #2,Img_Productos/480234056_1657222755114130_2930508364010801308_n.jpg,Pinatas
Caja de Regalo #1,Img_Productos/480479445_1656420065194399_4759969230525659617_n.jpg,Otros
Piñata de Cohete,Img_Productos/480832283_1666255877544151_7678198240470360741_n.jpg,Pinatas
Letras de cumpleaños de Tractor,Img_Productos/480913554_1657222691780803_5971606422550680386_n.jpg,Decoracion
Bolsita de la Sirenita,Img_Productos/480927884_1666256254210780_5301464865825104836_n.jpg,Bolsitas
Piñata de Chase Paw Patrol,Img_Productos/481061874_1666256247544114_8011297099248344420_n.jpg,Pinatas
Piñata de Elsa,Img_Productos/481076633_1666256234210782_8793258253441842411_n.jpg,Pinatas
Bolsitas de Regalo con Moño,Img_Productos/481082739_1666967254139680_2570897343768308680_n.jpg,Bolsitas
Letras con Mensaje,Img_Productos/481085336_1666256010877471_750764776889568212_n.jpg,Decoracion
Piñata de Luna,Img_Productos/481218719_1660551861447886_2234623687353347505_n.jpg,Pinatas
Piñata de Parlante Rosa,Img_Productos/481675050_1669026937267045_6176948443251228155_n.jpg,Pinatas
Centro de Mesa Primera Comunión #1,Img_Productos/482093539_1666967267473012_5644382053493439053_n.jpg,Centros_de_Mesa
Piñata de Frozen,Img_Productos/482200083_1666256070877465_2557124333818363543_n.jpg,Pinatas
Prensa Típica #1,Img_Productos/483487884_1676637853172620_6092714280204990476_n.jpg,Accesorios
Prensa Típica #2,Img_Productos/483507549_1676637869839285_7500420710219780663_n.jpg,Accesorios
Prensa Típica #3,Img_Productos/483508927_1676637493172656_7357638702087886297_n.jpg,Accesorios
Sombrero de Emoji,Img_Productos/483522611_1679130872923318_4284834940216050177_n.jpg,Sombreros
Prensa Típica #4,Img_Productos/483523239_1676637863172619_207871851238718337_n.jpg,Accesorios
Vincha con Rosas Blancas,Img_Productos/483580079_1673341903502215_8858928063270600877_n.jpg,Accesorios
Farol con Palomas,Img_Productos/484124061_1677790903057315_5151820811784930250_n.jpg,Faroles
Farol con Nombre,Img_Productos/484316334_1677790983057307_484797763583366959_n.jpg,Faroles
Prensa Típica #5,Img_Productos/484317351_1676637533172652_3249391544510876133_n.jpg,Accesorios
Farol Casa Típica #1,Img_Productos/484323857_1678802522956153_8611993463354864905_n.jpg,Faroles
Sombrero con Moño,Img_Productos/484536705_1679130849589987_6363041136446522628_n.jpg,Sombreros
Farol Casa Típica #2,Img_Productos/484544308_1677790893057316_3085985500242183663_n.jpg,Faroles
Centro de Mesa de Jirafa,Img_Productos/484648010_1679130879589984_2948218694061572572_n.jpg,Centros_de_Mesa
Vincha con Rosas de Colores,Img_Productos/484716205_1676637543172651_1972276142001760731_n.jpg,Accesorios
Sombrero con Sol,Img_Productos/484988539_1679130692923336_3017469463954898992_n.jpg,Sombreros
Bolsitas de Piña,Img_Productos/485000192_1679130869589985_7767200234617313367_n.jpg,Bolsitas
Gorras de Mario Bros Y Luigi,Img_Productos/485087676_1679130679590004_5398420709426384482_n.jpg,Sombreros
Diadema de Renos,Img_Productos/485150696_1684755375694201_4725757947670959550_n.jpg,Sombreros
Centro de Mesa de Barco Pirata,Img_Productos/485181569_1682010982635307_3508206675141864917_n.jpg,Centros_de_Mesa
Piñata de Unicornio #1,Img_Productos/485324837_1682656442570761_8343134156114898075_n.jpg,Pinatas
Centro de Mesa de Tinker Bell,Img_Productos/485400221_1682011009301971_6427790330364647394_n.jpg,Centros_de_Mesa
Piñata de Granja,Img_Productos/485415896_1682656285904110_4511545620318445466_n.jpg,Pinatas
Piñata de Skye,Img_Productos/485696265_1682656472570758_6260670923907707339_n.jpg,Pinatas
Piñata de Hatsune Miku,Img_Productos/485729507_1682656469237425_870685897156784442_n.jpg,Pinatas
Gorra de Pato,Img_Productos/485767435_1684755465694192_416393732930042276_n.jpg,Sombreros
Lazo de Santa Claus,Img_Productos/485798483_1684755529027519_1726045104634351924_n.jpg,Accesorios
Piñata de Bella,Img_Productos/485806046_1684755369027535_746185289294917608_n.jpg,Pinatas
Lazo Navideño #1,Img_Productos/485838245_1684755479027524_6838234133936007892_n.jpg,Accesorios
Lazo Navideño #2,Img_Productos/485879352_1684755165694222_2850066275998151346_n.jpg,Accesorios
Piñata de One Piece,Img_Productos/485881592_1684755282360877_7114370978643277053_n.jpg,Pinatas
Lazo Navideño #3,Img_Productos/486015286_1684755242360881_1014650955884367437_n.jpg,Accesorios
Lazo Navideño #4,Img_Productos/486034423_1684755362360869_5252091615535577330_n.jpg,Accesorios
Centro de Mesa Sombrero de Graduacion,Img_Productos/486039422_1684755145694224_2083455082810810322_n.jpg,Centros_de_Mesa
Piñata de Messi,Img_Productos/486066944_1684755532360852_9072780556382286259_n.jpg,Pinatas
Piñata de Santa Claus #1,Img_Productos/486095409_1684755182360887_3026848399165619295_n.jpg,Pinatas
Cartel de Partes del Cuerpo Humano,Img_Productos/486107471_1687205948782477_2955129891266565538_n.jpg,Decoracion
Cartel de Batalla de Santa Rosa,Img_Productos/486207593_1687206032115802_6417960114376744814_n.jpg,Decoracion
Piñata de Unicornio #2,Img_Productos/486258882_1688314728671599_7825009131984129793_n.jpg,Pinatas
Piñata de los Muppets,Img_Productos/486308579_1684755425694196_4536063964448579498_n.jpg,Pinatas
Cartel de Batalla de Rivas,Img_Productos/486323333_1687205695449169_6287997775859066574_n.jpg,Decoracion
Caja de Regalo #2,Img_Productos/486326372_1684755172360888_4416712598174216586_n.jpg,Otros
Piñata #1,Img_Productos/486366496_1684755229027549_8222916324486203415_n.jpg,Pinatas
Piñata de Santa Claus #2,Img_Productos/486469343_1684755372360868_445352265719284027_n.jpg,Pinatas
Bolsita Navideñas,Img_Productos/486537410_1684755232360882_8312601882924525424_n.jpg,Bolsitas
Decoración de Libro,Img_Productos/486610516_1688314945338244_7933864449727865079_n.jpg,Decoracion
Piñata de Mariposa,Img_Productos/486612344_1688314732004932_4436566262422876987_n.jpg,Pinatas
Decoración de Guaría Morada,Img_Productos/486663437_1689540295215709_4776170743992262224_n.jpg,Decoracion
Sombrero de Cangrejo,Img_Productos/486668808_1689281231908282_4570906630477858833_n.jpg,Sombreros
Piñata de HotWheels,Img_Productos/486675437_1688314705338268_3989547561056587236_n.jpg,Pinatas
Lazo con Rosas Rojas,Img_Productos/486707751_1690268501809555_324665159426785065_n.jpg,Accesorios
Lazo con Guaría Morada,Img_Productos/486717717_1689281438574928_1581861487961489098_n.jpg,Accesorios
Bolsitas de Goku,Img_Productos/486721097_1689281371908268_2468681497100799704_n.jpg,Bolsitas
Centro de Mesa Primera Comunion #2,Img_Productos/486756518_1688019228701149_7475745215990573921_n.jpg,Centros_de_Mesa
Lazo Rojo Típico,Img_Productos/486825852_1689281285241610_551713000581967824_n.jpg,Accesorios
Decoración de Panal de Abejas,Img_Productos/486855368_1689281571908248_2508789207938566430_n.jpg,Decoracion
Lazo Blanco Típico,Img_Productos/486914447_1689281261908279_317965834678577412_n.jpg,Accesorios
Decoración de León,Img_Productos/486941766_1687205618782510_7517563092899701418_n.jpg,Decoracion
Lazo Rojo con Rosa,Img_Productos/487075434_1689281271908278_5751519842502068077_n.jpg,Accesorios
Decoración de Astronauta,Img_Productos/487079732_1689543711882034_463736326966321770_n.jpg,Decoracion
Farol de Camion Azul,Img_Productos/487105890_1689540608549011_2575530823536547930_n.jpg,Faroles
Piñata de Saprissa #1,Img_Productos/487146211_1688314918671580_3727181159905369674_n.jpg,Pinatas
Prensa Típica #6,Img_Productos/487159379_1690268631809542_7519265812454878343_n.jpg,Accesorios
Piñata de Mario Bros,Img_Productos/487216153_1690817068421365_4969810271145993791_n.jpg,Pinatas
Cajitas de Mamá Claus,Img_Productos/487222467_1691048741731531_2414463097375162374_n.jpg,Bolsitas
Sombrero Loco,Img_Productos/487309530_1692324418270630_4303169862086601920_n.jpg,Sombreros
Diademas de Bruja,Img_Productos/487391494_1691766694993069_8666971562965953242_n.jpg,Sombreros
Máscaras Tiki,Img_Productos/487395270_1691766488326423_5222037255402233390_n.jpg,Accesorios
Cajitas de Renos,Img_Productos/487418422_1691048518398220_5789296043471115865_n.jpg,Bolsitas
Piñata de Vaca,Img_Productos/487445685_1692951554874583_8792759410522639785_n.jpg,Pinatas
Cajitas de Santa Claus,Img_Productos/487462109_1693699981466407_6441338060115843406_n.jpg,Bolsitas
Piñata #3,Img_Productos/487464231_1689532641883141_6135706959173990496_n.jpg,Pinatas
Piñata de Minnie Mouse #1,Img_Productos/487469378_1692951354874603_7982399995819654325_n.jpg,Pinatas
Lazo Azul con Rosas,Img_Productos/487480587_1689281015241637_8234370304588754182_n.jpg,Accesorios
Piñata de Cars,Img_Productos/487483611_1692951161541289_1164214431984173187_n.jpg,Pinatas
Máscara de Unicornio,Img_Productos/487488356_1691766411659764_8075868384295035855_n.jpg,Accesorios
Piñata de Moana #1,Img_Productos/487496607_1691766718326400_7970972044586385416_n.jpg,Pinatas
Photobooth de Lectura,Img_Productos/487508051_1692951404874598_3672854670750693621_n.jpg,Photobooth
Cajitas Duendes Navideños,Img_Productos/487687186_1691048571731548_472093433465123884_n.jpg,Bolsitas
Piñata de Moana #2,Img_Productos/487751115_1691766711659734_2242765366757025273_n.jpg,Pinatas
Decoración de Chimenea,Img_Productos/487760651_1692324228270649_1573669159243610309_n.jpg,Decoracion
Piñatas Personalizadas,Img_Productos/488024688_1694145044755234_3398505289260540369_n.jpg,Pinatas
Decoración de Mickey Mouse y sus Amigos,Img_Productos/488243299_1694997958003276_5206669222571731565_n.jpg,Decoracion
Casita de Up,Img_Productos/488255989_1694998174669921_2355524234511624623_n.jpg,Decoracion
Cartel de Juan Santa Maria,Img_Productos/488922826_1702426140593791_3179963086880677658_n.jpg,Decoracion
Piñata de Gatirena,Img_Productos/489991147_1702429277260144_8167088478212901215_n.jpg,Pinatas
Centro de Mesa de Vaqueros,Img_Productos/490003750_1702428063926932_1759783909921318843_n.jpg,Centros_de_Mesa
Piñata de Vaca #2,Img_Productos/490021283_1702427983926940_8734578245371987376_n.jpg,Pinatas
Piñata de Caballo,Img_Productos/490362633_1704210943748644_204142319564885289_n.jpg,Pinatas
Centro de Mesa de Vaca,Img_Productos/490570302_1702428040593601_6587808329834611596_n.jpg,Centros_de_Mesa
Diadema de Frutas,Img_Productos/497652847_1729982191171519_5032450152887410435_n.jpg,Sombreros
Disfraz de Pera,Img_Productos/497799899_1729982261171512_107577065774265337_n.jpg,Otros
Sombrero de Frutas,Img_Productos/497807611_1729982161171522_3774881394919778942_n.jpg,Otros
Disfraz de Banano,Img_Productos/497813671_1729982301171508_385632796845318209_n.jpg,Otros
Disfraz de Sandia,Img_Productos/497895410_1729982837838121_501377880208298664_n.jpg,Otros
Disfraz de Fresa y Uva,Img_Productos/498589134_1729982211171517_8072726960575711163_n.jpg,Otros
Cartel sobre las Abejas,Img_Productos/499209188_1730345034468568_5038818269412240222_n.jpg,Decoracion
Vincha Flor Amarilla,Img_Productos/499790060_1735469837289421_1286888822926541652_n.jpg,Accesorios
Decoración Mariposa Azul,Img_Productos/499829870_1735468097289595_5383078967163352096_n.jpg,Decoracion
Letras FEA,Img_Productos/500765442_1735467883956283_1469320510413592103_n.jpg,Decoracion
Cartel sobre los Capibaras,Img_Productos/503849590_1744667283036343_7402844254173675808_n.jpg,Decoracion
Farol de Escudo Nacional,Img_Productos/WhatsApp Image 2025-07-03 at 21.04.09_ab529456.jpg,Faroles
Farol de Niña,Img_Productos/WhatsApp Image 2025-07-03 at 21.04.10_41317276.jpg,Faroles
Faroles de Camiones,Img_Productos/WhatsApp Image 2025-07-03 at 21.04.10_e3d1d7da.jpg,Faroles
Farol de Charreador de Cafe,Img_Productos/WhatsApp Image 2025-07-03 at 21.04.10_f0f91603.jpg,Faroles
Farol de Camion Negro,Img_Productos/WhatsApp Image 2025-07-03 at 21.04.12_9cae62b9.jpg,Faroles
Farol de Cara de Oso Perezoso,Img_Productos/WhatsApp Image 2025-07-03 at 21.04.13_31d208e3.jpg,Faroles
Farol de Iglesia,Img_Productos/WhatsApp Image 2025-07-03 at 21.04.13_c313fb9d.jpg,Faroles
Farol de Carreta Típica,Img_Productos/WhatsApp Image 2025-07-03 at 21.04.14_0e374ade.jpg,Faroles
Farol de Escudo con Guaría Morada,Img_Productos/WhatsApp Image 2025-07-03 at 21.04.14_6438e8ab.jpg,Faroles
Farol de Casa Típica #1,Img_Productos/WhatsApp Image 2025-07-03 at 21.04.14_776b2e06.jpg,Faroles
Farol de Olla de Tamales,Img_Productos/WhatsApp Image 2025-07-03 at 21.04.14_87483951.jpg,Faroles
Farol de Oso Perezoso,Img_Productos/WhatsApp Image 2025-07-03 at 21.04.14_8e3cc73c.jpg,Faroles
Farol con Estrella,Img_Productos/WhatsApp Image 2025-07-03 at 21.04.15_88c09f42.jpg,Faroles
Farol de Niño,Img_Productos/WhatsApp Image 2025-07-03 at 21.04.15_de6b56b4.jpg,Faroles
Farol de Faro,Img_Productos/WhatsApp Image 2025-07-03 at 21.04.15_e5a5afc1.jpg,Faroles
Farol de Oso,Img_Productos/WhatsApp Image 2025-07-03 at 21.04.15_fe56a2cc.jpg,Faroles
Farol de Arbol,Img_Productos/WhatsApp Image 2025-07-03 at 21.04.16_56e96813.jpg,Faroles
Farol de Manati,Img_Productos/WhatsApp Image 2025-07-03 at 21.04.16_ab522691.jpg,Faroles
Farol de Mono,Img_Productos/WhatsApp Image 2025-07-03 at 21.04.17_2d47a2dd.jpg,Faroles
Farol de Guaría Morada,Img_Productos/WhatsApp Image 2025-07-03 at 21.04.17_561aa72b.jpg,Faroles
Farol del Colibri,Img_Productos/WhatsApp Image 2025-07-03 at 21.04.17_804326d4.jpg,Faroles
